ID1,ID2,EdgeType,Score,Annotation
257,258,MS1 annotation,2.000,[M+H]+ [M+Na]+ dm/z=21.9823
369,370,MS1 annotation,3.000,[M+Na]+ [M+H]+ dm/z=21.9822
370,371,MS1 annotation,3.000,[2M-2H2O+2H]2+ [M+Na]+ dm/z=39.9928
373,374,MS1 annotation,2.000,[2M+2H]2+ [M+Na]+ dm/z=21.9820
386,387,MS1 annotation,2.000,[2M+2H]2+ [M+Na]+ dm/z=21.9820
392,393,MS1 annotation,2.000,[M+Na]+ [M+H]+ dm/z=21.9828
399,400,MS1 annotation,2.000,[M+NH4]+ [M+H]+ dm/z=17.0265
399,400,MS1 annotation,2.000,[M+NH4]+ [2M+2H]2+ dm/z=17.0265
415,416,MS1 annotation,2.000,[M+Na]+ [M+H]+ dm/z=21.9834
415,416,MS1 annotation,2.000,[M+Na]+ [2M+2H]2+ dm/z=21.9834
443,447,MS1 annotation,2.000,[M+Na]+ [2M-2H2O+2H]2+ dm/z=39.9921
444,448,MS1 annotation,3.000,[M+Na]+ [M+NH4]+ dm/z=4.9555
444,447,MS1 annotation,3.000,[M+H]+ [M+NH4]+ dm/z=17.0266
447,448,MS1 annotation,3.000,[M+Na]+ [M+H]+ dm/z=21.9822
572,574,MS1 annotation,3.000,[M+Na]+ [M+H]+ dm/z=21.9825
572,573,MS1 annotation,3.000,[M+NH4]+ [M+H]+ dm/z=17.0267
573,574,MS1 annotation,3.000,[M+Na]+ [M+NH4]+ dm/z=4.9558
575,580,MS1 annotation,2.000,[M+NH4]+ [M+H]+ dm/z=17.0264
575,580,MS1 annotation,2.000,[M+NH4]+ [2M+2H]2+ dm/z=17.0264
583,585,MS1 annotation,2.000,[M+Na]+ [M+H]+ dm/z=21.9822
583,585,MS1 annotation,2.000,[M+Na]+ [2M+2H]2+ dm/z=21.9822
694,698,MS1 annotation,2.000,[M+NH4]+ [M+H]+ dm/z=17.0265
704,712,MS1 annotation,2.000,[M-2H2O+Na]+ [M+NH4]+ dm/z=31.0675
707,709,MS1 annotation,3.000,[M+NH4]+ [M+H]+ dm/z=17.0265
707,708,MS1 annotation,3.000,[M+Na]+ [M+H]+ dm/z=21.9821
708,709,MS1 annotation,3.000,[M+NH4]+ [M+Na]+ dm/z=4.9556
756,759,MS1 annotation,3.000,[M+Na]+ [M-H2O+H]+ dm/z=39.9926
758,759,MS1 annotation,3.000,[M+Na]+ [M+H]+ dm/z=21.9819
806,807,MS1 annotation,2.000,[M+NH4]+ [M+H]+ dm/z=17.0268
806,807,MS1 annotation,2.000,[M+NH4]+ [2M+2H]2+ dm/z=17.0268
832,833,MS1 annotation,2.000,[M+NH4]+ [M+H]+ dm/z=17.0265
832,833,MS1 annotation,2.000,[M+NH4]+ [2M+2H]2+ dm/z=17.0265
849,852,MS1 annotation,2.000,[M+NH4]+ [M+H]+ dm/z=17.0266
849,852,MS1 annotation,2.000,[M+NH4]+ [2M+2H]2+ dm/z=17.0266
999,1002,MS1 annotation,3.000,[M+H]+ [M+Na]+ dm/z=21.9820
999,1000,MS1 annotation,3.000,[M+NH4]+ [M+Na]+ dm/z=4.9553
1000,1002,MS1 annotation,3.000,[M+H]+ [M+NH4]+ dm/z=17.0266
1078,1090,MS1 annotation,2.000,[M+NH4]+ [M+H]+ dm/z=17.0266
1078,1090,MS1 annotation,2.000,[M+NH4]+ [2M+2H]2+ dm/z=17.0266
1101,1103,MS1 annotation,2.000,[M-H2O+NH4]+ [M+Na]+ dm/z=22.9660
1179,1182,MS1 annotation,2.000,[2M+2H]2+ [M+NH4]+ dm/z=17.0265
1222,1223,MS1 annotation,2.000,[M-H+2Na]+ [M+NH4]+ dm/z=26.9381
1249,1252,MS1 annotation,2.000,[2M+2H]2+ [M+NH4]+ dm/z=17.0266
1269,1275,MS1 annotation,3.000,[M+Na]+ [M-H2O+H]+ dm/z=39.9925
1274,1275,MS1 annotation,3.000,[M+Na]+ [M+H]+ dm/z=21.9819
1275,1280,MS1 annotation,2.000,[M-H+2Na]+ [2M-H2O+H]+ dm/z=184.1917
1420,1428,MS1 annotation,2.000,[M+Na]+ [M+H]+ dm/z=21.9811
1548,1549,MS1 annotation,2.000,[M+H]+ [M+Na]+ dm/z=21.9820
1607,1608,MS1 annotation,2.000,[2M+2H]2+ [M+NH4]+ dm/z=17.0266
1702,1703,MS1 annotation,2.000,[M+Na]+ [M+H]+ dm/z=21.9817
2271,2276,MS1 annotation,2.000,[M-H+2Na]+ [M-H2O+NH4]+ dm/z=44.9489
2288,2293,MS1 annotation,2.000,[M+Na]+ [M+H]+ dm/z=21.9823
2441,2442,MS1 annotation,2.000,[M+Na]+ [M+NH4]+ dm/z=4.9560
2649,2651,MS1 annotation,2.000,[M+Na]+ [M+NH4]+ dm/z=4.9554
2775,2777,MS1 annotation,2.000,[M+NH4]+ [M-H2O+2H]2+ dm/z=271.1783
2797,2806,MS1 annotation,3.000,[M+Na]+ [M+H]+ dm/z=21.9821
2797,2801,MS1 annotation,3.000,[M+NH4]+ [M+H]+ dm/z=17.0265
2801,2806,MS1 annotation,3.000,[M+Na]+ [M+NH4]+ dm/z=4.9556
2854,2859,MS1 annotation,2.000,[M+Na]+ [M+H]+ dm/z=21.9823
3120,3121,MS1 annotation,2.000,[M+Na]+ [M-2H2O+H]+ dm/z=58.0047
3162,3167,MS1 annotation,3.000,[M+Na]+ [M+H]+ dm/z=21.9823
3162,3163,MS1 annotation,3.000,[M+NH4]+ [M+H]+ dm/z=17.0267
3163,3167,MS1 annotation,3.000,[M+Na]+ [M+NH4]+ dm/z=4.9557
3199,3201,MS1 annotation,2.000,[M+Na]+ [M+NH4]+ dm/z=4.9556
3430,3434,MS1 annotation,3.000,[M+NH4]+ [M+H]+ dm/z=17.0267
3430,3433,MS1 annotation,3.000,[M+Na]+ [M+H]+ dm/z=21.9821
3522,3525,MS1 annotation,2.000,[M+Na]+ [M+NH4]+ dm/z=4.9551
3610,3615,MS1 annotation,2.000,[M-H2O+NH4]+ [M+K]+ dm/z=38.9381
3747,3749,MS1 annotation,2.000,[M+H]+ [M+Na]+ dm/z=21.9820
3950,3952,MS1 annotation,3.000,[M+Na]+ [M-H2O+H]+ dm/z=39.9931
3950,3952,MS1 annotation,3.000,[M+Na]+ [2M-2H2O+2H]2+ dm/z=39.9931
3951,3952,MS1 annotation,3.000,[M+Na]+ [M+H]+ dm/z=21.9824
3996,3999,MS1 annotation,2.000,[M+Na]+ [M-2H2O+H]+ dm/z=58.0036
4027,4035,MS1 annotation,3.000,[M+H]+ [M+Na]+ dm/z=21.9830
4027,4040,MS1 annotation,3.000,[M+NH4]+ [M+Na]+ dm/z=4.9565
4035,4040,MS1 annotation,3.000,[M+NH4]+ [M+H]+ dm/z=17.0265
4044,4058,MS1 annotation,2.000,[M-H2O+H]+ [M+NH4]+ dm/z=35.0372
4045,4053,MS1 annotation,2.000,[M-2H2O+H]+ [M+NH4]+ dm/z=53.0477
4046,4054,MS1 annotation,2.000,[M+Na]+ [M+H]+ dm/z=21.9821
4052,4058,MS1 annotation,2.000,[M+H]+ [M+NH4]+ dm/z=17.0266
4067,4073,MS1 annotation,2.000,[M+Na]+ [M+H]+ dm/z=21.9820
4169,4170,MS1 annotation,2.000,[M+Na]+ [M+NH4]+ dm/z=4.9565
4401,4403,MS1 annotation,2.000,[M+Na]+ [M+H]+ dm/z=21.9820
4433,4439,MS1 annotation,2.000,[M+Na]+ [M-H2O+H]+ dm/z=39.9929
4516,4517,MS1 annotation,2.000,[M+Na]+ [M+NH4]+ dm/z=4.9551
4535,4545,MS1 annotation,2.000,[M+Na]+ [M+NH4]+ dm/z=4.9564
4560,4563,MS1 annotation,3.000,[M+NH4]+ [M+Na]+ dm/z=4.9561
4561,4563,MS1 annotation,3.000,[M+NH4]+ [M+H]+ dm/z=17.0266
4561,4563,MS1 annotation,3.000,[M+NH4]+ [2M+2H]2+ dm/z=17.0266
4616,4620,MS1 annotation,2.000,[M-H2O+H]+ [M+Na]+ dm/z=39.9933
4623,4625,MS1 annotation,2.000,[2M+NH4]+ [M+H]+ dm/z=255.1836
4665,4667,MS1 annotation,2.000,[M+Na]+ [M+NH4]+ dm/z=4.9564
4738,4744,MS1 annotation,4.000,[2M-2H2O+2H]2+ [M+NH4]+ dm/z=35.0378
4738,4745,MS1 annotation,4.000,[2M+2H]2+ [M+NH4]+ dm/z=17.0259
4738,4746,MS1 annotation,4.000,[M+Na]+ [M+NH4]+ dm/z=4.9544
4744,4746,MS1 annotation,4.000,[M+Na]+ [M-H2O+H]+ dm/z=39.9922
4744,4746,MS1 annotation,4.000,[M+Na]+ [2M-2H2O+2H]2+ dm/z=39.9922
4745,4746,MS1 annotation,4.000,[M+Na]+ [M+H]+ dm/z=21.9803
4745,4746,MS1 annotation,4.000,[M+Na]+ [2M+2H]2+ dm/z=21.9803
4749,4756,MS1 annotation,2.000,[M+Na]+ [M+H]+ dm/z=21.9823
4749,4756,MS1 annotation,2.000,[M+Na]+ [2M+2H]2+ dm/z=21.9823
4769,4776,MS1 annotation,2.000,[M+Na]+ [M+NH4]+ dm/z=4.9572
4781,4784,MS1 annotation,2.000,[M+Na]+ [M+NH4]+ dm/z=4.9565
4805,4806,MS1 annotation,3.000,[M-2H2O+H]+ [M+NH4]+ dm/z=53.0478
4805,4807,MS1 annotation,3.000,[M+Na]+ [M+NH4]+ dm/z=4.9559
4806,4807,MS1 annotation,3.000,[M+Na]+ [M-2H2O+H]+ dm/z=58.0038
4815,4816,MS1 annotation,2.000,[M+Na]+ [M+NH4]+ dm/z=4.9559
4860,4861,MS1 annotation,2.000,[2M+Na]+ [M-H2O+NH4]+ dm/z=219.1470
4875,4876,MS1 annotation,2.000,[M+Na]+ [M+NH4]+ dm/z=4.9563
4892,4893,MS1 annotation,3.000,[M+NH4]+ [M+Na]+ dm/z=4.9562
4892,4895,MS1 annotation,3.000,[M+H]+ [M+Na]+ dm/z=21.9827
4893,4895,MS1 annotation,3.000,[M+H]+ [M+NH4]+ dm/z=17.0265
4915,4921,MS1 annotation,3.000,[M+H]+ [M+NH4]+ dm/z=17.0263
4915,4925,MS1 annotation,3.000,[M+Na]+ [M+NH4]+ dm/z=4.9562
4921,4925,MS1 annotation,3.000,[M+Na]+ [M+H]+ dm/z=21.9825
4930,4931,MS1 annotation,3.000,[M+H]+ [M+NH4]+ dm/z=17.0264
4930,4934,MS1 annotation,3.000,[M+Na]+ [M+NH4]+ dm/z=4.9560
4931,4934,MS1 annotation,3.000,[M+Na]+ [M+H]+ dm/z=21.9824
4975,4979,MS1 annotation,3.000,[2M-2H2O+2H]2+ [M+Na]+ dm/z=39.9934
4975,4985,MS1 annotation,3.000,[M+NH4]+ [M+Na]+ dm/z=4.9559
4979,4985,MS1 annotation,3.000,[M+NH4]+ [M-H2O+H]+ dm/z=35.0375
4979,4985,MS1 annotation,3.000,[M+NH4]+ [2M-2H2O+2H]2+ dm/z=35.0375
5007,5008,MS1 annotation,2.000,[M-H2O+H]+ [M+Na]+ dm/z=39.9931
5012,5013,MS1 annotation,3.000,[M+NH4]+ [M+H]+ dm/z=17.0263
5012,5014,MS1 annotation,3.000,[M+Na]+ [M+H]+ dm/z=21.9823
5026,5027,MS1 annotation,2.000,[M+Na]+ [M+NH4]+ dm/z=4.9560
5054,5068,MS1 annotation,2.000,[2M+2H]2+ [M+Na]+ dm/z=21.9836
5056,5061,MS1 annotation,2.000,[M+H]+ [M+Na]+ dm/z=21.9826
5105,5115,MS1 annotation,4.000,[2M-2H2O+2H]2+ [M+Na]+ dm/z=39.9922
5105,5106,MS1 annotation,4.000,[M+NH4]+ [M+Na]+ dm/z=4.9546
5105,5116,MS1 annotation,4.000,[2M+2H]2+ [M+Na]+ dm/z=21.9811
5106,5115,MS1 annotation,4.000,[2M-2H2O+2H]2+ [M+NH4]+ dm/z=35.0376
5106,5116,MS1 annotation,4.000,[2M+2H]2+ [M+NH4]+ dm/z=17.0265
5126,5130,MS1 annotation,2.000,[M+Na]+ [M-H2O+H]+ dm/z=39.9930
5126,5130,MS1 annotation,2.000,[M+Na]+ [2M-2H2O+2H]2+ dm/z=39.9930
5156,5158,MS1 annotation,3.000,[M+NH4]+ [M+Na]+ dm/z=4.9560
5156,5159,MS1 annotation,3.000,[2M+2H]2+ [M+Na]+ dm/z=21.9823
5158,5159,MS1 annotation,3.000,[2M+2H]2+ [M+NH4]+ dm/z=17.0263
5167,5168,MS1 annotation,2.000,[M+Na]+ [M+NH4]+ dm/z=4.9554
5174,5175,MS1 annotation,2.000,[M+Na]+ [M+H]+ dm/z=21.9825
5174,5175,MS1 annotation,2.000,[M+Na]+ [2M+2H]2+ dm/z=21.9825
5245,5246,MS1 annotation,2.000,[M+Na]+ [M+NH4]+ dm/z=4.9560
5277,5279,MS1 annotation,3.000,[M+H]+ [M+NH4]+ dm/z=17.0266
5277,5278,MS1 annotation,3.000,[M+Na]+ [M+NH4]+ dm/z=4.9558
5278,5279,MS1 annotation,3.000,[M+H]+ [M+Na]+ dm/z=21.9824
5328,5329,MS1 annotation,3.000,[M+NH4]+ [M+H]+ dm/z=17.0264
5328,5330,MS1 annotation,3.000,[M+Na]+ [M+H]+ dm/z=21.9823
5329,5330,MS1 annotation,3.000,[M+Na]+ [M+NH4]+ dm/z=4.9559
5362,5392,MS1 annotation,2.000,[2M-2H2O+2H]2+ [M+Na]+ dm/z=39.9921
5382,5384,MS1 annotation,2.000,[2M+2H]2+ [M+Na]+ dm/z=21.9822
5395,5419,MS1 annotation,11.000,[M+NH4]+ [2M-H2O+Na]+ dm/z=543.2337
5395,5412,MS1 annotation,11.000,[M+H]+ [2M-H2O+Na]+ dm/z=560.2602
5400,5401,MS1 annotation,2.000,[2M+2H]2+ [M+Na]+ dm/z=21.9819
5411,5415,MS1 annotation,2.000,[M+Na]+ [M+H]+ dm/z=21.9829
5411,5415,MS1 annotation,2.000,[M+Na]+ [2M+2H]2+ dm/z=21.9829
5412,5414,MS1 annotation,11.000,[2M+Na]+ [M+H]+ dm/z=578.2719
5414,5419,MS1 annotation,11.000,[M+NH4]+ [2M+Na]+ dm/z=561.2455
5419,5494,MS1 annotation,11.000,[M+Na]+ [M+NH4]+ dm/z=4.9550
5439,5444,MS1 annotation,2.000,[M+Na]+ [M+H]+ dm/z=21.9828
5461,5478,MS1 annotation,2.000,[M+Na]+ [M+NH4]+ dm/z=4.9558
5479,5521,MS1 annotation,11.000,[2M+Na]+ [M-H2O+H]+ dm/z=596.2840
5479,5494,MS1 annotation,11.000,[M+Na]+ [M-H2O+H]+ dm/z=39.9923
5479,5562,MS1 annotation,11.000,[M+NH4]+ [M-H2O+H]+ dm/z=35.0372
5494,5545,MS1 annotation,11.000,[M+H]+ [M+Na]+ dm/z=21.9818
5494,5562,MS1 annotation,11.000,[M+NH4]+ [M+Na]+ dm/z=4.9551
5521,5545,MS1 annotation,11.000,[M+H]+ [2M+Na]+ dm/z=578.2736
5521,5562,MS1 annotation,11.000,[M+NH4]+ [2M+Na]+ dm/z=561.2468
5538,5540,MS1 annotation,3.000,[M+Na]+ [M+H]+ dm/z=21.9825
5538,5539,MS1 annotation,3.000,[M+NH4]+ [M+H]+ dm/z=17.0265
5539,5540,MS1 annotation,3.000,[M+Na]+ [M+NH4]+ dm/z=4.9559
5545,5562,MS1 annotation,11.000,[M+NH4]+ [M+H]+ dm/z=17.0268
5556,5557,MS1 annotation,2.000,[M+Na]+ [M+H]+ dm/z=21.9820
5556,5557,MS1 annotation,2.000,[M+Na]+ [2M+2H]2+ dm/z=21.9820
5562,5593,MS1 annotation,11.000,[2M-2H2O+2H]2+ [M+NH4]+ dm/z=35.0373
5577,5580,MS1 annotation,2.000,[M+Na]+ [M+NH4]+ dm/z=4.9556
5587,5588,MS1 annotation,2.000,[M+Na]+ [M+NH4]+ dm/z=4.9557
5593,5594,MS1 annotation,11.000,[M+Na]+ [M-H2O+H]+ dm/z=39.9925
5593,5594,MS1 annotation,11.000,[M+Na]+ [2M-2H2O+2H]2+ dm/z=39.9925
5622,5628,MS1 annotation,3.000,[M+NH4]+ [M-H2O+H]+ dm/z=35.0372
5622,5623,MS1 annotation,3.000,[M+Na]+ [M-H2O+H]+ dm/z=39.9929
5622,5628,MS1 annotation,3.000,[M+NH4]+ [2M-2H2O+2H]2+ dm/z=35.0372
5622,5623,MS1 annotation,3.000,[M+Na]+ [2M-2H2O+2H]2+ dm/z=39.9929
5623,5628,MS1 annotation,3.000,[M+NH4]+ [M+Na]+ dm/z=4.9557
5640,5642,MS1 annotation,2.000,[M+Na]+ [M+NH4]+ dm/z=4.9560
5654,5676,MS1 annotation,2.000,[M-H2O+NH4]+ [M+Na]+ dm/z=22.9670
5679,5689,MS1 annotation,3.000,[M+H]+ [M+NH4]+ dm/z=17.0265
5679,5693,MS1 annotation,3.000,[M+Na]+ [M+NH4]+ dm/z=4.9560
5689,5693,MS1 annotation,3.000,[M+Na]+ [M+H]+ dm/z=21.9824
5709,5716,MS1 annotation,3.000,[M+NH4]+ [M+H]+ dm/z=17.0266
5709,5717,MS1 annotation,3.000,[M+Na]+ [M+H]+ dm/z=21.9824
5716,5717,MS1 annotation,3.000,[M+Na]+ [M+NH4]+ dm/z=4.9558
5741,5751,MS1 annotation,3.000,[M+Na]+ [M+NH4]+ dm/z=4.9555
5745,5746,MS1 annotation,2.000,[2M+2H]2+ [M+Na]+ dm/z=21.9823
5751,5755,MS1 annotation,3.000,[M+H]+ [M+Na]+ dm/z=21.9820
5764,5775,MS1 annotation,6.000,[2M+2H]2+ [M+K]+ dm/z=37.9571
5764,5778,MS1 annotation,6.000,[M+Na]+ [M+K]+ dm/z=15.9743
5764,5781,MS1 annotation,6.000,[2M-2H2O+2H]2+ [M+K]+ dm/z=55.9670
5766,5782,MS1 annotation,6.000,[M+NH4]+ [2M+Na]+ dm/z=497.2837
5766,5781,MS1 annotation,6.000,[M-H2O+H]+ [2M+Na]+ dm/z=532.3211
5775,5782,MS1 annotation,6.000,[M+NH4]+ [M+H]+ dm/z=17.0275
5775,5778,MS1 annotation,6.000,[M+Na]+ [M+H]+ dm/z=21.9828
5775,5782,MS1 annotation,6.000,[M+NH4]+ [2M+2H]2+ dm/z=17.0275
5775,5778,MS1 annotation,6.000,[M+Na]+ [2M+2H]2+ dm/z=21.9828
5778,5782,MS1 annotation,6.000,[M+NH4]+ [M+Na]+ dm/z=4.9553
5778,5781,MS1 annotation,6.000,[2M-2H2O+2H]2+ [M+Na]+ dm/z=39.9927
5781,5782,MS1 annotation,6.000,[M+NH4]+ [M-H2O+H]+ dm/z=35.0374
5781,5782,MS1 annotation,6.000,[M+NH4]+ [2M-2H2O+2H]2+ dm/z=35.0374
5822,5831,MS1 annotation,3.000,[M+NH4]+ [M+Na]+ dm/z=4.9557
5827,5845,MS1 annotation,2.000,[2M+2H]2+ [M+Na]+ dm/z=21.9842
5830,5831,MS1 annotation,3.000,[M+NH4]+ [M+H]+ dm/z=17.0267
5830,5831,MS1 annotation,3.000,[M+NH4]+ [2M+2H]2+ dm/z=17.0267
5840,5841,MS1 annotation,2.000,[M+Na]+ [M+H]+ dm/z=21.9825
5840,5841,MS1 annotation,2.000,[M+Na]+ [2M+2H]2+ dm/z=21.9825
5842,5843,MS1 annotation,2.000,[M+Na]+ [M+NH4]+ dm/z=4.9554
5883,5884,MS1 annotation,2.000,[M+Na]+ [M+NH4]+ dm/z=4.9561
5890,5897,MS1 annotation,2.000,[M+Na]+ [M+NH4]+ dm/z=4.9556
5900,5905,MS1 annotation,2.000,[2M+H]+ [M-H2O+K]+ dm/z=109.1274
5917,5918,MS1 annotation,2.000,[M+Na]+ [M+H]+ dm/z=21.9825
5917,5918,MS1 annotation,2.000,[M+Na]+ [2M+2H]2+ dm/z=21.9825
5929,5933,MS1 annotation,2.000,[M+Na]+ [M+NH4]+ dm/z=4.9557
5936,5937,MS1 annotation,2.000,[M+Na]+ [M+NH4]+ dm/z=4.9545
5942,5956,MS1 annotation,3.000,[M+H]+ [M+NH4]+ dm/z=17.0263
5942,5960,MS1 annotation,3.000,[M+Na]+ [M+NH4]+ dm/z=4.9560
5956,5960,MS1 annotation,3.000,[M+Na]+ [M+H]+ dm/z=21.9823
5968,5969,MS1 annotation,2.000,[M+Na]+ [M+NH4]+ dm/z=4.9559
5987,5989,MS1 annotation,3.000,[M+NH4]+ [M+Na]+ dm/z=4.9565
5987,5988,MS1 annotation,3.000,[M+H]+ [M+Na]+ dm/z=21.9831
5988,5989,MS1 annotation,3.000,[M+NH4]+ [M+H]+ dm/z=17.0266
6009,6012,MS1 annotation,2.000,[M+Na]+ [M+H]+ dm/z=21.9833
6027,6032,MS1 annotation,3.000,[M+Na]+ [M-H2O+H]+ dm/z=39.9930
6027,6028,MS1 annotation,3.000,[M+NH4]+ [M-H2O+H]+ dm/z=35.0374
6027,6032,MS1 annotation,3.000,[M+Na]+ [2M-2H2O+2H]2+ dm/z=39.9930
6027,6028,MS1 annotation,3.000,[M+NH4]+ [2M-2H2O+2H]2+ dm/z=35.0374
6062,6069,MS1 annotation,2.000,[M+Na]+ [M+H]+ dm/z=21.9821
6075,6080,MS1 annotation,2.000,[M+Na]+ [M+NH4]+ dm/z=4.9564
6077,6094,MS1 annotation,3.000,[M+Na]+ [M+NH4]+ dm/z=4.9556
6077,6098,MS1 annotation,3.000,[M+H]+ [M+NH4]+ dm/z=17.0265
6094,6098,MS1 annotation,3.000,[M+H]+ [M+Na]+ dm/z=21.9821
6104,6122,MS1 annotation,2.000,[M+H]+ [M+K]+ dm/z=37.9601
6147,6148,MS1 annotation,2.000,[M+Na]+ [M+NH4]+ dm/z=4.9555
6155,6172,MS1 annotation,2.000,[M+NH4]+ [M+Na]+ dm/z=4.9553
6164,6165,MS1 annotation,2.000,[M+Na]+ [M+H]+ dm/z=21.9829
6178,6179,MS1 annotation,2.000,[M+Na]+ [M+NH4]+ dm/z=4.9545
6187,6196,MS1 annotation,3.000,[M+NH4]+ [M+Na]+ dm/z=4.9558
6187,6195,MS1 annotation,3.000,[M+H]+ [M+Na]+ dm/z=21.9822
6195,6196,MS1 annotation,3.000,[M+NH4]+ [M+H]+ dm/z=17.0264
6203,6207,MS1 annotation,2.000,[M+NH4]+ [M+Na]+ dm/z=4.9547
6217,6251,MS1 annotation,5.000,[M+H]+ [M-H+2Na]+ dm/z=43.9641
6220,6224,MS1 annotation,3.000,[2M+2H]2+ [M+NH4]+ dm/z=17.0265
6222,6224,MS1 annotation,3.000,[2M+2H]2+ [M+Na]+ dm/z=21.9820
6226,6290,MS1 annotation,4.000,[M+Na]+ [M-2H2O+H]+ dm/z=58.0035
6235,6243,MS1 annotation,2.000,[2M-2H2O+2H]2+ [M+Na]+ dm/z=39.9939
6245,6290,MS1 annotation,4.000,[M+Na]+ [M+H]+ dm/z=21.9826
6245,6290,MS1 annotation,4.000,[M+Na]+ [2M+2H]2+ dm/z=21.9826
6251,6259,MS1 annotation,5.000,[M+Na]+ [M+H]+ dm/z=21.9816
6251,6266,MS1 annotation,5.000,[M+NH4]+ [M+H]+ dm/z=17.0267
6259,6266,MS1 annotation,5.000,[M+NH4]+ [M+Na]+ dm/z=4.9550
6265,6266,MS1 annotation,5.000,[M+NH4]+ [M-H2O+H]+ dm/z=35.0368
6267,6290,MS1 annotation,4.000,[M+Na]+ [M-H2O+H]+ dm/z=39.9930
6267,6290,MS1 annotation,4.000,[M+Na]+ [2M-2H2O+2H]2+ dm/z=39.9930
6269,6271,MS1 annotation,3.000,[M+NH4]+ [M+Na]+ dm/z=4.9561
6269,6270,MS1 annotation,3.000,[2M+2H]2+ [M+Na]+ dm/z=21.9827
6270,6271,MS1 annotation,3.000,[M+NH4]+ [M+H]+ dm/z=17.0265
6270,6271,MS1 annotation,3.000,[M+NH4]+ [2M+2H]2+ dm/z=17.0265
6286,6288,MS1 annotation,2.000,[M+NH4]+ [M+Na]+ dm/z=4.9551
6295,6316,MS1 annotation,2.000,[M+NH4]+ [M+Na]+ dm/z=4.9545
6336,6337,MS1 annotation,2.000,[M+Na]+ [M+NH4]+ dm/z=4.9553
6338,6352,MS1 annotation,2.000,[M+Na]+ [M+NH4]+ dm/z=4.9545
6368,6380,MS1 annotation,2.000,[M+H]+ [M+Na]+ dm/z=21.9824
6370,6371,MS1 annotation,2.000,[M+Na]+ [M+NH4]+ dm/z=4.9557
6372,6375,MS1 annotation,2.000,[M+NH4]+ [M+Na]+ dm/z=4.9553
6404,6408,MS1 annotation,3.000,[M+NH4]+ [M+Na]+ dm/z=4.9557
6408,6417,MS1 annotation,3.000,[M+H]+ [M+NH4]+ dm/z=17.0265
6422,6428,MS1 annotation,2.000,[M+Na]+ [M+NH4]+ dm/z=4.9556
6429,6431,MS1 annotation,3.000,[M+Na]+ [M+H]+ dm/z=21.9819
6431,6442,MS1 annotation,3.000,[M+NH4]+ [M+Na]+ dm/z=4.9553
6473,6474,MS1 annotation,2.000,[M+Na]+ [M+NH4]+ dm/z=4.9536
6484,6498,MS1 annotation,3.000,[M+NH4]+ [M+Na]+ dm/z=4.9556
6487,6488,MS1 annotation,2.000,[M+Na]+ [M+NH4]+ dm/z=4.9553
6496,6498,MS1 annotation,3.000,[M+NH4]+ [M+H]+ dm/z=17.0266
6509,6522,MS1 annotation,2.000,[2M+2H]2+ [M+Na]+ dm/z=21.9826
6515,6516,MS1 annotation,2.000,[M+Na]+ [M+NH4]+ dm/z=4.9555
6517,6534,MS1 annotation,2.000,[M+NH4]+ [M+Na]+ dm/z=4.9540
6532,6545,MS1 annotation,2.000,[M+NH4]+ [M-H2O+H]+ dm/z=35.0375
6532,6545,MS1 annotation,2.000,[M+NH4]+ [2M-2H2O+2H]2+ dm/z=35.0375
6535,6541,MS1 annotation,2.000,[2M-2H2O+2H]2+ [M+Na]+ dm/z=39.9936
6538,6539,MS1 annotation,3.000,[M+Na]+ [M+H]+ dm/z=21.9822
6538,6540,MS1 annotation,3.000,[M+NH4]+ [M+H]+ dm/z=17.0268
6539,6540,MS1 annotation,3.000,[M+NH4]+ [M+Na]+ dm/z=4.9554
6569,6571,MS1 annotation,3.000,[M+Na]+ [M+NH4]+ dm/z=4.9556
6569,6573,MS1 annotation,3.000,[M+H]+ [M+NH4]+ dm/z=17.0265
6571,6573,MS1 annotation,3.000,[M+H]+ [M+Na]+ dm/z=21.9821
6575,6578,MS1 annotation,2.000,[M+NH4]+ [M+Na]+ dm/z=4.9549
6596,6601,MS1 annotation,3.000,[M+Na]+ [M+NH4]+ dm/z=4.9557
6596,6606,MS1 annotation,3.000,[M+H]+ [M+NH4]+ dm/z=17.0266
6601,6606,MS1 annotation,3.000,[M+H]+ [M+Na]+ dm/z=21.9824
6614,6625,MS1 annotation,2.000,[M+NH4]+ [M+Na]+ dm/z=4.9552
6630,6632,MS1 annotation,3.000,[M+H]+ [M+Na]+ dm/z=21.9822
6630,6633,MS1 annotation,3.000,[M+NH4]+ [M+Na]+ dm/z=4.9555
6632,6633,MS1 annotation,3.000,[M+NH4]+ [M+H]+ dm/z=17.0266
6634,6635,MS1 annotation,2.000,[M+Na]+ [M+NH4]+ dm/z=4.9555
6645,6649,MS1 annotation,3.000,[M+NH4]+ [M+H]+ dm/z=17.0264
6645,6649,MS1 annotation,3.000,[M+NH4]+ [2M+2H]2+ dm/z=17.0264
6646,6657,MS1 annotation,3.000,[M+Na]+ [M+H]+ dm/z=21.9820
6646,6656,MS1 annotation,3.000,[M+NH4]+ [M+H]+ dm/z=17.0263
6646,6657,MS1 annotation,3.000,[M+Na]+ [2M+2H]2+ dm/z=21.9820
6646,6656,MS1 annotation,3.000,[M+NH4]+ [2M+2H]2+ dm/z=17.0263
6647,6654,MS1 annotation,2.000,[2M+2H]2+ [M+Na]+ dm/z=21.9833
6648,6649,MS1 annotation,3.000,[M+NH4]+ [M+Na]+ dm/z=4.9557
6656,6657,MS1 annotation,3.000,[M+Na]+ [M+NH4]+ dm/z=4.9557
6659,6665,MS1 annotation,3.000,[M+H]+ [M+Na]+ dm/z=21.9824
6659,6666,MS1 annotation,3.000,[M+NH4]+ [M+Na]+ dm/z=4.9560
6665,6666,MS1 annotation,3.000,[M+NH4]+ [M+H]+ dm/z=17.0264
6676,6687,MS1 annotation,2.000,[M+NH4]+ [M+Na]+ dm/z=4.9549
6696,6697,MS1 annotation,2.000,[M+Na]+ [M+NH4]+ dm/z=4.9555
6706,6713,MS1 annotation,2.000,[M+NH4]+ [M+Na]+ dm/z=4.9553
6709,6710,MS1 annotation,2.000,[M+Na]+ [M+NH4]+ dm/z=4.9546
6728,6732,MS1 annotation,5.000,[M+NH4]+ [M-2H2O+H]+ dm/z=53.0495
6728,6733,MS1 annotation,5.000,[M+Na]+ [M-2H2O+H]+ dm/z=58.0032
6730,6733,MS1 annotation,5.000,[M+Na]+ [M-H2O+NH4]+ dm/z=22.9644
6731,6732,MS1 annotation,5.000,[M+NH4]+ [M-H2O+Na]+ dm/z=13.0555
6732,6733,MS1 annotation,5.000,[M+Na]+ [M+NH4]+ dm/z=4.9537
6763,6764,MS1 annotation,2.000,[M+Na]+ [M+NH4]+ dm/z=4.9567
6769,6771,MS1 annotation,2.000,[M+NH4]+ [M+Na]+ dm/z=4.9553
6803,6819,MS1 annotation,3.000,[M+H]+ [M+Na]+ dm/z=21.9821
6803,6805,MS1 annotation,3.000,[M+NH4]+ [M+Na]+ dm/z=4.9556
6805,6819,MS1 annotation,3.000,[M+H]+ [M+NH4]+ dm/z=17.0265
6813,6815,MS1 annotation,2.000,[M+Na]+ [M+NH4]+ dm/z=4.9565
6843,6854,MS1 annotation,2.000,[M+NH4]+ [M+Na]+ dm/z=4.9560
6863,6867,MS1 annotation,2.000,[M+Na]+ [M+NH4]+ dm/z=4.9563
6881,6886,MS1 annotation,2.000,[M+H]+ [M+Na]+ dm/z=21.9821
6897,6906,MS1 annotation,2.000,[M+NH4]+ [M+Na]+ dm/z=4.9550
6903,6915,MS1 annotation,2.000,[M+NH4]+ [M+Na]+ dm/z=4.9559
6917,6918,MS1 annotation,2.000,[M+H]+ [M+Na]+ dm/z=21.9826
6936,6937,MS1 annotation,3.000,[M+NH4]+ [M+H]+ dm/z=17.0266
6936,6942,MS1 annotation,3.000,[M+Na]+ [M+H]+ dm/z=21.9820
6936,6937,MS1 annotation,3.000,[M+NH4]+ [2M+2H]2+ dm/z=17.0266
6936,6942,MS1 annotation,3.000,[M+Na]+ [2M+2H]2+ dm/z=21.9820
6937,6942,MS1 annotation,3.000,[M+Na]+ [M+NH4]+ dm/z=4.9554
6944,6952,MS1 annotation,2.000,[M+Na]+ [M+NH4]+ dm/z=4.9551
6957,6958,MS1 annotation,2.000,[M+Na]+ [M+NH4]+ dm/z=4.9551
6966,6971,MS1 annotation,3.000,[M+H]+ [M+NH4]+ dm/z=17.0265
6966,6968,MS1 annotation,3.000,[M+Na]+ [M+NH4]+ dm/z=4.9556
6968,6971,MS1 annotation,3.000,[M+H]+ [M+Na]+ dm/z=21.9821
6972,6984,MS1 annotation,3.000,[M+H]+ [M+NH4]+ dm/z=17.0267
6972,6980,MS1 annotation,3.000,[M+Na]+ [M+NH4]+ dm/z=4.9554
6977,6987,MS1 annotation,3.000,[M+Na]+ [M+H]+ dm/z=21.9823
6977,6989,MS1 annotation,3.000,[M+NH4]+ [M+H]+ dm/z=17.0265
6977,6987,MS1 annotation,3.000,[M+Na]+ [2M+2H]2+ dm/z=21.9823
6977,6989,MS1 annotation,3.000,[M+NH4]+ [2M+2H]2+ dm/z=17.0265
6980,6984,MS1 annotation,3.000,[M+H]+ [M+Na]+ dm/z=21.9821
6987,6989,MS1 annotation,3.000,[M+NH4]+ [M+Na]+ dm/z=4.9558
7001,7009,MS1 annotation,3.000,[M+H]+ [M+Na]+ dm/z=21.9823
7001,7008,MS1 annotation,3.000,[M+NH4]+ [M+Na]+ dm/z=4.9556
7008,7009,MS1 annotation,3.000,[M+H]+ [M+NH4]+ dm/z=17.0267
7029,7033,MS1 annotation,2.000,[M+H]+ [M+NH4]+ dm/z=17.0263
7047,7052,MS1 annotation,3.000,[M+NH4]+ [M+Na]+ dm/z=4.9565
7047,7049,MS1 annotation,3.000,[M+H]+ [M+Na]+ dm/z=21.9829
7049,7052,MS1 annotation,3.000,[M+NH4]+ [M+H]+ dm/z=17.0264
7062,7063,MS1 annotation,2.000,[M+Na]+ [M+NH4]+ dm/z=4.9552
7108,7121,MS1 annotation,3.000,[M+NH4]+ [M-H2O+H]+ dm/z=35.0371
7108,7121,MS1 annotation,3.000,[M+NH4]+ [2M-2H2O+2H]2+ dm/z=35.0371
7116,7118,MS1 annotation,3.000,[M+Na]+ [M-H2O+H]+ dm/z=39.9934
7116,7117,MS1 annotation,3.000,[M+NH4]+ [M-H2O+H]+ dm/z=35.0372
7116,7118,MS1 annotation,3.000,[M+Na]+ [2M-2H2O+2H]2+ dm/z=39.9934
7116,7117,MS1 annotation,3.000,[M+NH4]+ [2M-2H2O+2H]2+ dm/z=35.0372
7117,7118,MS1 annotation,3.000,[M+Na]+ [M+NH4]+ dm/z=4.9562
7120,7127,MS1 annotation,3.000,[M+NH4]+ [M+H]+ dm/z=17.0271
7120,7128,MS1 annotation,3.000,[M+Na]+ [M+H]+ dm/z=21.9829
7121,7124,MS1 annotation,3.000,[M+Na]+ [M+NH4]+ dm/z=4.9559
7127,7128,MS1 annotation,3.000,[M+Na]+ [M+NH4]+ dm/z=4.9557
7159,7162,MS1 annotation,2.000,[M+NH4]+ [M+Na]+ dm/z=4.9555
7174,7175,MS1 annotation,2.000,[M+NH4]+ [M+Na]+ dm/z=4.9542
7184,7185,MS1 annotation,2.000,[M+Na]+ [M+NH4]+ dm/z=4.9549
7187,7188,MS1 annotation,2.000,[M+H]+ [M+Na]+ dm/z=21.9831
7193,7194,MS1 annotation,2.000,[M+Na]+ [M+NH4]+ dm/z=4.9556
7199,7205,MS1 annotation,3.000,[2M+2H]2+ [M+Na]+ dm/z=21.9827
7199,7204,MS1 annotation,3.000,[M+NH4]+ [M+Na]+ dm/z=4.9557
7204,7205,MS1 annotation,3.000,[2M+2H]2+ [M+NH4]+ dm/z=17.0270
7214,7215,MS1 annotation,2.000,[M+Na]+ [M+NH4]+ dm/z=4.9547
7229,7232,MS1 annotation,2.000,[M+NH4]+ [M+Na]+ dm/z=4.9551
7240,7246,MS1 annotation,2.000,[2M-2H2O+2H]2+ [M+Na]+ dm/z=39.9933
7251,7257,MS1 annotation,3.000,[M+Na]+ [2M+H]+ dm/z=695.5568
7256,7257,MS1 annotation,3.000,[M+Na]+ [M+H]+ dm/z=21.9816
7259,7260,MS1 annotation,2.000,[M+NH4]+ [M+Na]+ dm/z=4.9551
7284,7296,MS1 annotation,2.000,[M+Na]+ [M+NH4]+ dm/z=4.9565
7298,7305,MS1 annotation,3.000,[M+NH4]+ [M+Na]+ dm/z=4.9562
7298,7316,MS1 annotation,3.000,[2M+2H]2+ [M+Na]+ dm/z=21.9828
7299,7304,MS1 annotation,2.000,[M+Na]+ [M+NH4]+ dm/z=4.9555
7305,7316,MS1 annotation,3.000,[2M+2H]2+ [M+NH4]+ dm/z=17.0266
7315,7317,MS1 annotation,2.000,[M+NH4]+ [M+Na]+ dm/z=4.9560
7329,7333,MS1 annotation,3.000,[2M+2H]2+ [M+Na]+ dm/z=21.9821
7329,7334,MS1 annotation,3.000,[2M-2H2O+2H]2+ [M+Na]+ dm/z=39.9924
7350,7354,MS1 annotation,2.000,[M+NH4]+ [M+Na]+ dm/z=4.9549
7358,7361,MS1 annotation,3.000,[M+NH4]+ [M+H]+ dm/z=17.0266
7358,7361,MS1 annotation,3.000,[M+NH4]+ [2M+2H]2+ dm/z=17.0266
7361,7362,MS1 annotation,3.000,[M+Na]+ [M+NH4]+ dm/z=4.9560
7367,7369,MS1 annotation,2.000,[M+Na]+ [M+H]+ dm/z=21.9829
7367,7369,MS1 annotation,2.000,[M+Na]+ [2M+2H]2+ dm/z=21.9829
7388,7393,MS1 annotation,2.000,[M+NH4]+ [M-H2O+H]+ dm/z=35.0375
7388,7393,MS1 annotation,2.000,[M+NH4]+ [2M-2H2O+2H]2+ dm/z=35.0375
7402,7438,MS1 annotation,2.000,[M+NH4]+ [M-H2O+H]+ dm/z=35.0375
7402,7438,MS1 annotation,2.000,[M+NH4]+ [2M-2H2O+2H]2+ dm/z=35.0375
7405,7411,MS1 annotation,2.000,[M+Na]+ [M+NH4]+ dm/z=4.9546
7423,7424,MS1 annotation,2.000,[M+NH4]+ [M-H2O+H]+ dm/z=35.0382
7423,7424,MS1 annotation,2.000,[M+NH4]+ [2M-2H2O+2H]2+ dm/z=35.0382
7431,7432,MS1 annotation,2.000,[M+Na]+ [M+NH4]+ dm/z=4.9556
7444,7447,MS1 annotation,2.000,[M+Na]+ [M+NH4]+ dm/z=4.9560
7448,7457,MS1 annotation,2.000,[M-2H2O+H]+ [M+NH4]+ dm/z=53.0481
7454,7455,MS1 annotation,3.000,[M+NH4]+ [M-H2O+H]+ dm/z=35.0375
7454,7456,MS1 annotation,3.000,[M+Na]+ [M-H2O+H]+ dm/z=39.9929
7454,7455,MS1 annotation,3.000,[M+NH4]+ [2M-2H2O+2H]2+ dm/z=35.0375
7454,7456,MS1 annotation,3.000,[M+Na]+ [2M-2H2O+2H]2+ dm/z=39.9929
7455,7456,MS1 annotation,3.000,[M+Na]+ [M+NH4]+ dm/z=4.9554
7484,7485,MS1 annotation,2.000,[M+Na]+ [M+NH4]+ dm/z=4.9556
7511,7512,MS1 annotation,2.000,[M+H]+ [M+Na]+ dm/z=21.9816
7557,7562,MS1 annotation,2.000,[M+H]+ [M+Na]+ dm/z=21.9818
7565,7574,MS1 annotation,2.000,[M+Na]+ [M+H]+ dm/z=21.9816
7576,7577,MS1 annotation,4.000,[M+Na]+ [M-H2O+H]+ dm/z=39.9925
7576,7579,MS1 annotation,4.000,[M+NH4]+ [M-H2O+H]+ dm/z=35.0372
7577,7580,MS1 annotation,4.000,[2M+2H]2+ [M+Na]+ dm/z=21.9820
7577,7579,MS1 annotation,4.000,[M+NH4]+ [M+Na]+ dm/z=4.9553
7579,7580,MS1 annotation,4.000,[2M+2H]2+ [M+NH4]+ dm/z=17.0268
7583,7584,MS1 annotation,2.000,[M+H]+ [M+NH4]+ dm/z=17.0266
7603,7608,MS1 annotation,3.000,[M+Na]+ [M+H]+ dm/z=21.9815
7603,7607,MS1 annotation,3.000,[2M+Na]+ [M+H]+ dm/z=711.4903
7605,7607,MS1 annotation,2.000,[M+Na]+ [M+H]+ dm/z=21.9822
7605,7607,MS1 annotation,2.000,[M+Na]+ [2M+2H]2+ dm/z=21.9822
7656,7657,MS1 annotation,2.000,[M+Na]+ [M+H]+ dm/z=21.9816
